Team,Name,Price,Rating,Room Type
MIN,Hilton Garden Inn Minneapolis - University Area,296,7.6,2 queen beds
MIN,"Holiday Inn Express Hotel & Suites Minneapolis-Downtown Convention Center, an IHG Hotel",329,8.5,1 queen bed
MIN,"InterContinental Minneapolis - St. Paul Airport, an IHG Hotel",355,8.8,2 queen beds
MIN,TownePlace Suites by Marriott Minneapolis Downtown/North Loop,348,8.1,Entire studio•1 bathroom•1 kitchen•398 ft²1 queen bed
MIN,Cambria Hotel Minneapolis Downtown,322,8.4,2 queen beds
MIN,Home2 Suites by Hilton Minneapolis Downtown,338,8.0,1 queen bed
MIN,"Hampton Inn and Suites Minneapolis University Area, MN",248,8.8,2 queen beds
MIN,Courtyard by Marriott Minneapolis Downtown,592,8.5,2 queen beds
MIN,Radisson Red Minneapolis Downtown,667,7.9,Entire studio•1 bathroom•323 ft²2 queen beds
MIN,Delta Hotels by Marriott Minneapolis Northeast,271,8.4,2 queen beds
MIN,Element Minneapolis Downtown North Loop,406,9.1,1 queen bed
MIN,Hilton Garden Inn Minneapolis Downtown,365,7.8,2 queen beds
MIN,AC Hotel by Marriott Minneapolis West End,428,9.0,2 queen beds
CHI,Courtyard by Marriott Chicago at Medical District-UIC,189,8.2,2 queen beds
CHI,"Crowne Plaza - Chicago West Loop, an IHG Hotel",231,8.0,Multiple bed types
CHI,La Quinta by Wyndham Chicago Downtown,283,8.0,1 queen bed
CHI,The Whitehall Hotel - BW Premier Collection,228,7.3,1 queen bed
CHI,Best Western Grant Park Hotel,224,7.5,1 queen bed
CHI,"Holiday Inn Hotel & Suites Chicago - Downtown, an IHG Hotel",243,7.9,2 queen beds
CHI,"voco Chicago Downtown, an IHG Hotel",338,7.6,2 queen beds
CHI,Home2 Suites By Hilton Chicago River North,318,8.2,1 queen bed
CHI,Hampton Inn & Suites Chicago Medical District Uic,280,8.5,2 queen beds
CHI,Hampton Inn Majestic Chicago Theatre District,281,8.5,1 queen bed
CHI,Hampton Inn & Suites Chicago-Downtown,358,8.5,2 queen beds
CHI,"Holiday Inn - Chicago Dwtn - The Mart, an IHG Hotel",335,7.9,2 queen beds
CHI,Hampton Inn Chicago Downtown/Magnificent Mile,294,7.9,2 queen beds
CHI,Moxy Chicago Downtown,270,8.9,1 queen bed
CHI,Hilton Garden Inn Chicago Downtown South Loop,326,8.2,2 queen beds
CHI,Best Western Chicago Downtown-River North,338,7.5,2 queen beds
CHI,"Holiday Inn Express Chicago - Magnificent Mile, an IHG Hotel",257,7.6,1 queen bed
CHI,Hotel Versey Chicago Lincoln Park,313,7.9,2 queen beds
CHI,Congress Plaza Hotel Chicago,256,7.3,1 queen bed
CHI,Chicago South Loop Hotel,212,6.5,2 queen beds
CHI,Hilton Garden Inn Chicago Downtown/Magnificent Mile,333,7.4,2 queen beds
CHI,Hilton Chicago,393,7.7,2 queen beds
CHI,"Hampton Inn Chicago North-Loyola Station, Il",311,8.7,2 queen beds
CHI,Hyatt House Chicago West Loop-Fulton Market,428,8.4,"Private suite•2 bedrooms•1 living room•1 bathroom•398 ft²3 beds (1 sofa bed, 2 queens)"
CHI,Hilton Chicago/Oak Lawn,280,7.7,2 queen beds
DET,Sonder Gabriel Richard,345,8.6,Entire apartment•1 bedroom•1 bathroom•1 kitchen•398 ft²1 queen bed
DET,Courtyard by Marriott Detroit Downtown,448,7.6,1 queen bed
DET,Atheneum Suite Hotel,444,8.6,2 queen beds
DET,Hilton Garden Inn Detroit Downtown,407,7.9,2 queen beds
DET,"Hotel Indigo Detroit Downtown, an IHG Hotel",358,7.4,2 queen beds
DET,Element Detroit at the Metropolitan,668,8.7,Entire studio•1 bathroom•366 ft²2 queen beds
GB,Hotel J Green Bay,178,8.4,2 queen beds
GB,AmericInn by Wyndham Green Bay East,177,8.5,2 queen beds
GB,"Country Inn & Suites by Radisson, Green Bay East, WI",199,8.0,2 queen beds
GB,Baymont by Wyndham Green Bay,129,6.9,1 queen bed
GB,Quality Inn & Suites,132,7.3,2 queen beds
GB,Extended Stay Airport,150,8.0,1 queen bed
GB,Hampton Inn Green Bay Downtown,233,8.5,2 queen beds
GB,Hawthorn Extended Stay by Wyndham Green Bay,154,7.4,"Private suite2 beds (1 sofa bed, 1 queen)"
GB,Oneida Casino Hotel,288,8.2,2 queen beds
GB,"My Place Hotel-Green Bay, WI",228,8.8,1 queen bed
GB,"Holiday Inn Express & Suites - Green Bay East, an IHG Hotel",201,8.5,2 queen beds
GB,Spark by Hilton Green Bay,204,7.8,2 queen beds
GB,Comfort Suites,295,7.5,"3 beds (1 sofa bed, 2 queens)"
GB,"Holiday Inn & Suites Green Bay Stadium, an IHG Hotel",236,7.9,Private suite•2 bedrooms•1 bathroom•323 ft²2 queen beds
GB,Wingate by Wyndham Green Bay,197,8.5,2 queen beds
GB,"Country Inn & Suites by Radisson, Green Bay North, WI",248,9.0,2 queen beds
GB,Best Western Green Bay Inn and Conference Center,290,7.9,2 queen beds
GB,Residence Inn by Marriott Green Bay Downtown,298,9.1,Private suite1 queen bed
GB,Village Inn Green Bay,170,6.5,2 queen beds
PHI,"Holiday Inn Express Philadelphia-Midtown, an IHG Hotel",360,8.2,1 queen bed
PHI,Motto by Hilton Philadelphia Rittenhouse Square,318,8.3,1 queen bed
PHI,Hilton Garden Inn Philadelphia Center City,423,8.0,2 queen beds
PHI,Fairfield Inn Philadelphia Airport,197,7.7,2 queen beds
PHI,Sonesta Select Philadelphia Airport,262,7.9,2 queen beds
PHI,Mint House at The Divine Lorraine Hotel - Philadelphia,376,9.0,Entire apartment•1 bedroom•1 living room•1 bathroom•1 kitchen•646 ft²1 queen bed
PHI,Sosuite at Independence Lofts - Callowhill,318,8.1,"Entire apartment•1 bedroom•1 bathroom•1 kitchen•603 ft²2 beds (1 sofa bed, 1 queen)"
PHI,Sheraton Philadelphia Downtown,381,8.1,1 queen bed
PHI,"Holiday Inn Express Philadelphia Penn's Landing, an IHG Hotel",358,8.1,2 queen beds
PHI,Sheraton Philadelphia University City Hotel,348,7.9,2 queen beds
PHI,"Independence Park Hotel, Premier Collection",470,8.9,1 queen bed
PHI,Aloft Philadelphia Airport,281,7.7,2 queen beds
PHI,Penn's View Hotel Philadelphia,408,8.7,1 queen bed
PHI,Sonder The Witherspoon,449,8.4,"Entire apartment•1 bedroom•1 living room•1 bathroom•1 kitchen•549 ft²2 beds (1 sofa bed, 1 queen)"
PHI,Hampton Inn Philadelphia Center City-Convention Center,433,7.6,2 queen beds
PHI,Sosuite at French Quarters - Rittenhouse Square,424,7.9,Entire apartment•1 bedroom•1 living room•1 bathroom•1 kitchen•495 ft²1 queen bed
PHI,Locale North Broad - Philadelphia,339,8.0,Entire apartment•1 bedroom•1 living room•1 bathroom•1 kitchen•420 ft²1 queen bed
PHI,Aloft Philadelphia Downtown,408,7.9,1 queen bed
PHI,Home2 Suites by Hilton Philadelphia Convention Center,502,7.7,1 queen bed
PHI,Residence Inn by Marriott Philadelphia Center City,568,8.0,Entire studio•1 bathroom•1 kitchen•172 ft²1 queen bed
PHI,Sosuite at The Vine - Old City,348,8.2,Entire apartment•1 bedroom•1 living room•1 bathroom•1 kitchen•441 ft²1 queen bed
PHI,Sosuite at West Lofts - West Philadelphia,392,7.5,Entire apartment•1 bedroom•1 living room•1 bathroom•1 kitchen•850 ft²1 queen bed
PHI,Morris House Hotel,468,9.2,Private suite1 queen bed
PHI,"Holiday Inn Philadelphia Arpt-Stadium Area, an IHG Hotel",433,7.3,2 queen beds
PHI,Sonder The Edison,381,8.4,"Entire apartment•1 bedroom•1 living room•1 bathroom•1 kitchen•441 ft²2 beds (1 sofa bed, 1 queen)"
WSH,Hyatt Place Washington DC/Georgetown/West End,291,8.0,"3 beds (1 sofa bed, 2 queens)"
WSH,"Holiday Inn Express Washington DC Downtown, an IHG Hotel",280,7.5,2 queen beds
WSH,"Moxy Washington, DC Downtown",259,8.2,1 queen bed
WSH,Motto by Hilton Washington DC City Center,219,8.3,1 queen bed
WSH,Courtyard by Marriott Washington Downtown/Convention Center,277,8.4,2 queen beds
WSH,The Architect,178,7.4,1 queen bed
WSH,Hotel Nell - Union Market,210,7.6,1 queen bed
WSH,Hilton Garden Inn Washington D.C./U.S. Capitol,273,7.6,1 queen bed
WSH,Hilton Garden Inn Washington DC/Georgetown Area,306,8.1,2 queen beds
WSH,Hotel Hive,278,8.6,1 queen bed
WSH,Courtyard by Marriott Washington Capitol Hill/Navy Yard,298,8.0,2 queen beds
WSH,Homewood Suites by Hilton Washington DC Convention Center,340,7.8,"2 beds (1 sofa bed, 1 queen)"
WSH,Kellogg Conference Hotel Capitol Hill at Gallaudet University,242,8.1,2 queen beds
WSH,"Holiday Inn Washington Capitol-National Mall, an IHG Hotel",351,7.9,1 queen bed
WSH,HighRoad Washington DC,216,9.0,1 queen bed
WSH,"Courtyard Washington, DC/U.S. Capitol",293,8.1,2 queen beds
WSH,"2500 Penn, a Placemakr Experience",300,8.1,Entire studio•1 bathroom•323 ft²1 queen bed
WSH,Fairfield Inn & Suites by Marriott Washington Downtown,338,8.0,2 queen beds
WSH,Hyatt Place Washington DC/White House,418,8.0,"3 beds (1 sofa bed, 2 queens)"
WSH,The Normandy Hotel,283,7.9,2 queen beds
WSH,"Coda on Half, a Placemakr Experience - Navy Yard",328,8.8,Entire apartment•1 bedroom•1 living room•1 bathroom•409 ft²1 queen bed
WSH,"Courtyard by Marriott Washington, DC Dupont Circle",368,7.9,2 queen beds
WSH,Placemakr Dupont Circle,375,8.0,Entire studio•1 bathroom•323 ft²1 queen bed
WSH,Hyatt Washington Dc/Convention Center,418,7.6,"Private suite•1 bedroom•1 living room•1 bathroom2 beds (1 king, 1 sofa bed)"
WSH,Residence Inn by Marriott Washington Downtown/Convention Center,574,8.6,"Private suite2 beds (1 sofa bed, 1 queen)"
DAL,Fairfield Inn & Suites by Marriott Dallas Downtown,220,7.8,2 queen beds
DAL,DoubleTree by Hilton Dallas Market Center,270,7.9,1 queen bed
DAL,SpringHill Suites by Marriott Dallas Downtown / West End,216,7.8,Private suite1 queen bed
DAL,Courtyard by Marriott Dallas Downtown/Reunion District,246,8.4,2 queen beds
DAL,DoubleTree by Hilton Dallas Near the Galleria,224,8.3,2 queen beds
DAL,"Hotel Indigo Dallas Downtown, an IHG Hotel",221,8.2,1 queen bed
DAL,"Holiday Inn Express - Dallas Downtown, an IHG Hotel",218,7.1,1 queen bed
DAL,Hilton Garden Inn Downtown Dallas,302,8.0,2 queen beds
DAL,"Holiday Inn Express Hotel & Suites Dallas West, an IHG Hotel",205,8.1,"Private suite•2 bedrooms•1 living room•1 bathroom3 beds (1 sofa bed, 2 queens)"
DAL,Hampton Inn & Suites Dallas Market Center,224,8.3,2 queen beds
DAL,Home2 Suites by Hilton Dallas Downtown at Baylor Scott & White,261,8.1,1 queen bed
DAL,"Hampton Inn & Suites Dallas I-30 Cockrell Hill, Tx",196,8.6,2 queen beds
DAL,La Quinta by Wyndham Dallas - Richardson,165,7.8,2 queen beds
DAL,"Holiday Inn Express & Suites - Dallas NW HWY - Love Field, an IHG Hotel",208,8.9,Multiple bed types
DAL,Wingate by Wyndham Dallas Love Field,189,7.3,2 queen beds
DAL,Hampton Inn & Suites Dallas East,210,8.4,2 queen beds
DAL,"Hilton Garden Inn Dallas-Central Expy/North Park Area, Tx",219,8.2,2 queen beds
DAL,TownePlace Suites by Marriott Dallas Downtown,228,7.4,"3 beds (1 sofa bed, 2 queens)"
DAL,Home2 Suites By Hilton Dallas North Park,229,8.1,1 queen bed
DAL,Sonesta Select Dallas Central Expressway,211,8.0,2 queen beds
DAL,Hyatt Place Dallas Park Central,228,7.4,"3 beds (1 sofa bed, 2 queens)"
DAL,Comfort Suites North Dallas,170,6.9,"Private suite3 beds (1 sofa bed, 2 queens)"
DAL,The Beeman Hotel,373,8.4,1 queen bed
DAL,Fairfield Inn & Suites by Marriott Dallas West/I-30,178,8.6,1 queen bed
DAL,Alexis Hotel & Banquets Dallas Park Central Galleria,149,7.6,2 queen beds
NYG,Hotel Moca NYC,362,4.9,1 queen bed
NYG,Sonder Battery Park,880,8.6,Entire studio•1 bathroom•1 kitchen•463 ft²1 queen bed
NYG,"The Historic Blue Angel Hotel Lexington Ave, Ascend Hotel Collection",785,8.7,1 queen bed
NYG,Solita Soho Hotel,678,7.8,1 queen bed
NYG,Pod Times Square,738,8.2,1 queen bed
NYG,The Belvedere Hotel,978,7.9,1 queen bed
NYG,Pod 39,703,8.2,1 queen bed
NYG,Wingate by Wyndham New York Midtown South/5th Ave,908,8.2,1 queen bed
NYG,"U Hotel Fifth Avenue, Empire State Building",882,7.8,1 queen bed
NYG,Night Hotel Broadway,667,6.3,1 queen bed
NYG,BeHome by LuxUrban,700,6.6,1 queen bed
NYG,Pod 51,693,7.8,1 queen bed
NYG,Best Western Premier Herald Square,883,7.6,1 queen bed
NYG,Chelsea Inn,570,6.8,1 queen bed
NYG,Best Western Premier Empire State Hotel,880,8.3,1 queen bed
NYG,New York Hilton Midtown,1223,7.4,1 queen bed
NYG,Motto By Hilton New York City Times Square,998,8.1,1 queen bed
NYG,La Quinta by Wyndham New York City Central Park,738,6.6,1 queen bed
NYG,Hilton Garden Inn New York - Times Square Central,1008,7.6,1 queen bed
NYG,The Gatsby Hotel,841,6.5,1 queen bed
NYG,Hampton Inn Manhattan/Downtown- Financial District,783,7.6,1 queen bed
NYG,Hotel Richland LES,731,8.1,1 queen bed
NYG,Madison LES Hotel,668,7.3,1 queen bed
NYG,Comfort Inn Manhattan - Midtown West,908,6.9,1 queen bed
NYG,Hampton Inn Manhattan Chelsea,902,7.6,1 queen bed
NYG,"Holiday Inn Express - Times Square, an IHG Hotel",964,6.4,1 queen bed
TB,The Barrymore Hotel Tampa Riverwalk,394,7.8,2 queen beds
TB,Hampton Inn & Suites Tampa Riverview Brandon,377,8.5,2 queen beds
TB,"Holiday Inn Tampa Westshore - Airport Area, an IHG Hotel",310,7.6,2 queen beds
TB,Hilton Garden Inn Tampa North,328,7.3,2 queen beds
TB,"Staybridge Suites Tampa East- Brandon, an IHG Hotel",327,7.8,"Private suite2 beds (1 sofa bed, 1 queen)"
TB,Tahitian Inn Boutique Hotel Tampa,267,6.3,2 queen beds
TB,Embassy Suites by Hilton Tampa Airport Westshore,452,7.8,"Private suite•1 bedroom•1 living room•710 ft²2 beds (1 sofa bed, 1 queen)"
TB,Hyde Park Hotel,260,6.1,1 queen bed
TB,"Holiday Inn Express & Suites - Tampa East - Ybor City, an IHG Hotel",350,8.8,2 queen beds
TB,Hampton Inn Tampa-Rocky Point,378,8.2,2 queen beds
TB,"Home2 Suites By Hilton Tampa Westshore Airport, Fl",416,8.6,1 queen bed
TB,Comfort Suites Tampa Airport North,345,8.1,"2 beds (1 sofa bed, 1 queen)"
TB,TownePlace Suites by Marriott Tampa Casino Area,428,8.7,2 queen beds
TB,Home2 Suites By Hilton Tampa Downtown Channel District,471,8.9,1 queen bed
TB,Hyatt Place Tampa Downtown,618,8.8,"3 beds (1 sofa bed, 2 queens)"
TB,Extended Stay America Premier Suites - Tampa - Fairgrounds - Casino,380,8.1,Entire studio•1 bathroom•1 kitchen•334 ft²2 queen beds
TB,Comfort Suites At Fairgrounds-Casino,380,8.2,"Private suite3 beds (1 sofa bed, 2 queens)"
TB,Courtyard by Marriott Tampa Northwest/Veterans Expressway,398,8.9,1 queen bed
TB,Hampton Inn & Suites by Hilton Tampa Busch Gardens Area,513,8.5,"3 beds (1 sofa bed, 2 queens)"
TB,Hampton Inn & Suites Tampa Airport Avion Park Westshore,440,8.7,2 queen beds
TB,Ramada by Wyndham Temple Terrace/Tampa North,287,7.2,1 queen bed
TB,Courtyard Tampa Westshore/Airport,430,8.1,2 queen beds
TB,"Country Inn & Suites by Radisson, Tampa Airport North, FL",378,7.3,2 queen beds
TB,Fairfield Inn & Suites by Marriott Tampa Westshore/Airport,473,8.2,1 queen bed
TB,MainStay Suites Tampa Moffitt-USF,358,7.5,1 queen bed
ATL,AC Hotel Atlanta Downtown,214,8.6,2 queen beds
ATL,Hyatt House Atlanta Downtown,298,7.9,2 queen beds
ATL,Residence Inn Atlanta Downtown,196,7.8,Private suite1 queen bed
ATL,"Country Inn & Suites by Radisson, Atlanta Airport South, GA",153,7.1,2 queen beds
ATL,Sonesta Select Atlanta Midtown Georgia Tech,204,7.4,2 queen beds
ATL,"Holiday Inn Express & Suites - Atlanta Downtown, an IHG Hotel",192,6.8,1 queen bed
ATL,Hyatt House Atlanta Perimeter Center,260,9.1,2 queen beds
ATL,Homewood Suites by Hilton Atlanta Buckhead Pharr Road,214,7.5,1 queen bed
ATL,Fairfield Inn & Suites by Marriott Atlanta Perimeter Center,176,8.3,1 queen bed
ATL,Sonesta Select Atlanta Cumberland Galleria Ballpark,186,8.1,2 queen beds
ATL,"Hotel Indigo Atlanta Midtown, an IHG Hotel",254,7.9,1 queen bed
ATL,Courtyard by Marriott Atlanta Downtown,241,8.1,2 queen beds
ATL,"Hampton Inn & Suites Atlanta-Midtown, Ga",261,8.8,2 queen beds
ATL,Hyatt Place Atlanta/Perimeter Center,263,8.6,"3 beds (1 sofa bed, 2 queens)"
ATL,SpringHill Suites by Marriott Atlanta Northwest,219,9.1,Private suite2 queen beds
ATL,Hilton Garden Inn Atlanta Airport/Millenium Center,185,8.0,2 queen beds
ATL,Hyatt Place Atlanta Centennial Park,387,8.3,"3 beds (1 sofa bed, 2 queens)"
ATL,Hampton Inn & Suites Atlanta Buckhead Place,205,8.3,2 queen beds
ATL,Comfort Inn Atlanta Downtown South,140,4.9,2 queen beds
ATL,Home2 Suites by Hilton Atlanta Midtown,252,7.8,"3 beds (1 sofa bed, 2 queens)"
ATL,Hampton Inn Atlanta-Georgia Tech-Downtown,261,7.9,2 queen beds
ATL,Radisson Hotel Atlanta Airport,215,7.7,2 queen beds
ATL,Home2 Suites by Hilton Atlanta Downtown,261,7.9,1 queen bed
ATL,"Holiday Inn Express & Suites Atlanta Airport NE - Hapeville, an IHG Hotel",211,8.6,2 queen beds
ATL,Residence Inn Atlanta Midtown 17th Street,198,8.0,"Entire studio•1 bathroom•1 kitchen•431 ft²2 beds (1 sofa bed, 1 queen)"
NO,Courtyard by Marriott New Orleans Downtown Near the French Quarter,354,7.6,1 queen bed
NO,"Hotel Indigo New Orleans - French Quarter, an IHG Hotel",417,7.9,1 queen bed
NO,Best Western Plus St. Christopher Hotel,381,7.9,1 queen bed
NO,"Holiday Inn Express New Orleans Downtown, an IHG Hotel",464,7.8,Multiple bed types
NO,"St Charles Coach House, Ascend Hotel Collection",382,8.9,2 queen beds
NO,Pelham Hotel,405,8.4,1 queen bed
NO,Bluegreen Vacations Club La Pension,440,8.4,"Private suite•1 bedroom•1 living room•1 bathroom•355 ft²2 beds (1 sofa bed, 1 queen)"
NO,Hilton Garden Inn New Orleans French Quarter/CBD,389,7.8,2 queen beds
NO,Roomza New Orleans at Melrose Mansion,605,8.6,1 queen bed
NO,Sonesta ES Suites New Orleans Convention Center,329,8.1,"2 beds (1 sofa bed, 1 queen)"
NO,Alder Hotel Uptown New Orleans,328,8.7,2 queen beds
NO,Maison Saint Charles,354,7.5,2 queen beds
NO,Hampton Inn & Suites New Orleans Canal St. French Quarter,474,7.3,"Private suite•1 bedroom•1 living room•1 bathroom•334 ft²2 beds (1 king, 1 sofa bed)"
NO,La Quinta by Wyndham New Orleans Downtown,378,7.1,2 queen beds
NO,Hampton Inn and Suites New Orleans Convention Center,434,8.4,2 queen beds
NO,Brent House Hotel,308,8.4,2 queen beds
NO,Federal City Inn & Suites,236,7.1,2 queen beds
NO,Hyatt Place New Orleans Convention Center,454,7.9,2 queen beds
NO,Courtyard by Marriott New Orleans French Quarter/Iberville,728,8.6,"2 beds (1 sofa bed, 1 queen)"
NO,Courtyard by Marriott New Orleans Warehouse Arts District,439,7.7,1 queen bed
NO,Jean Lafitte House,350,8.3,1 queen bed
NO,Creole Gardens Guesthouse and Inn,425,8.7,1 queen bed
NO,Hampton Inn New Orleans French Quarter Market Area,459,8.8,2 queen beds
NO,Days Inn by Wyndham New Orleans Pontchartrain,213,6.4,2 queen beds
NO,Le Richelieu Hotel in the French Quarter,711,8.5,1 queen bed
CAR,Homewood Suites By Hilton Charlotte Uptown First Ward,246,8.7,2 queen beds
CAR,"Holiday Inn Express & Suites - Charlotte NE - University Area, an IHG Hotel",201,8.7,2 queen beds
CAR,Hyatt Place Charlotte Downtown,308,8.3,2 queen beds
CAR,"Holiday Inn Charlotte University, an IHG Hotel",202,8.0,Multiple bed types
CAR,"Staybridge Suites - Charlotte Ballantyne, an IHG Hotel",202,8.4,"Private suite2 beds (1 sofa bed, 1 queen)"
CAR,SpringHill Suites by Marriott Charlotte City Center,292,8.6,Entire studio•1 bathroom•409 ft²1 queen bed
CAR,Fairfield Inn & Suites by Marriott Charlotte Uptown,246,8.5,2 queen beds
CAR,Tru By Hilton Charlotte Ayrsley,205,8.4,2 queen beds
CAR,Courtyard Charlotte City Center,278,8.1,2 queen beds
CAR,Home2 Suites By Hilton Charlotte Uptown,318,8.9,1 queen bed
CAR,Hilton Garden Inn Charlotte Uptown,290,8.1,2 queen beds
CAR,Hampton Inn Charlotte Uptown,299,7.9,2 queen beds
CAR,Hilton Charlotte Uptown,316,8.8,2 queen beds
CAR,Drury Inn & Suites Charlotte Northlake,217,9.0,2 queen beds
CAR,Courtyard by Marriott Charlotte Ballantyne,211,8.7,2 queen beds
CAR,Embassy Suites Charlotte,318,7.9,Private suite•2 bedrooms•301 ft²2 queen beds
CAR,SpringHill Suites by Marriott Charlotte Ballantyne,202,8.6,"Entire studio•1 bathroom•377 ft²2 beds (1 sofa bed, 1 queen)"
CAR,AC Hotel by Marriott Charlotte Ballantyne,270,9.1,2 queen beds
CAR,Hampton Inn Charlotte University Place,216,7.5,1 queen bed
CAR,Hilton Garden Inn Charlotte Waverly,237,9.2,2 queen beds
CAR,"Holiday Inn Express & Suites Charlotte Southwest, an IHG Hotel",202,8.7,2 queen beds
CAR,"Hampton Inn & Suites Charlotte/Ballantyne, Nc",214,8.4,2 queen beds
CAR,Hampton Inn & Suites South Park at Phillips Place,327,9.0,2 queen beds
CAR,DoubleTree Suites by Hilton Charlotte/SouthPark,337,8.6,Private suite•2 bedrooms•700 ft²2 queen beds
CAR,Hampton Inn & Suites Charlotte Arrowood Rd,228,7.8,2 queen beds
LAR,Hotel Aventura,323,8.4,1 queen bed
LAR,Sonder The Craftsman,463,8.9,"Entire studio•1 bathroom•1 kitchen•474 ft²2 beds (1 sofa bed, 1 queen)"
LAR,Hampton Inn Los Angeles Int'l Airport/Hawthorne,302,8.2,2 queen beds
LAR,Four Points by Sheraton Los Angeles International Airport,219,6.0,2 queen beds
LAR,Hyatt Place LAX/Century BLVD,313,8.1,2 queen beds
LAR,Maison 140 Beverly Hills,338,7.0,1 queen bed
LAR,Jolly Roger Hotel,250,7.5,1 queen bed
LAR,Comfort Inn Los Angeles near Hollywood,295,7.3,2 queen beds
LAR,Hollywood Inn Suites Hotel,225,7.9,Private suite2 queen beds
LAR,La Quinta by Wyndham LAX,238,6.6,2 queen beds
LAR,Hampton Inn Los Angeles Airport,300,7.3,2 queen beds
LAR,"Holiday Inn Los Angeles - LAX Airport, an IHG Hotel",317,7.5,2 queen beds
LAR,Hotel Koxie,264,7.2,2 queen beds
LAR,Tuscan Garden Inn,300,7.5,2 queen beds
LAR,"Holiday Inn Express Hollywood Walk of Fame, an IHG Hotel",546,8.3,1 queen bed
LAR,Bayside Hotel,547,8.0,1 queen bed
LAR,Hotel H-Wood,229,6.0,1 queen bed
LAR,"Holiday Inn Express Los Angeles LAX Airport, an IHG Hotel",345,8.4,1 queen bed
LAR,The Live Hotel,370,7.6,2 queen beds
LAR,Century Park Hotel LA,385,7.8,1 queen bed
LAR,Fenix Hotel Hollywood,468,8.0,Entire studio•1 bathroom•237 ft²1 queen bed
LAR,Comfort Inn & Suites Near Universal - N Hollywood - Burbank,436,8.2,2 queen beds
LAR,"Burton House, Beverly Hills, A Tribute Portfolio Hotel",513,8.0,"2 beds (1 sofa bed, 1 queen)"
LAR,Hyatt Regency Los Angeles International Airport,345,8.1,1 queen bed
LAR,Kawada Hotel,305,7.4,1 queen bed
LAR,Gateway Hotel Santa Monica,437,8.1,2 queen beds
SEA,"Holiday Inn Seattle DWTN Lake Union, an IHG Hotel",186,7.8,1 queen bed
SEA,"Staybridge Suites Seattle - South Lake Union, an IHG Hotel",224,8.4,"Private suite3 beds (1 sofa bed, 2 queens)"
SEA,Silver Cloud Hotel - Seattle Lake Union,288,8.6,2 queen beds
SEA,Palihotel Seattle,282,8.4,1 queen bed
SEA,Executive Hotel Pacific,190,6.6,1 queen bed
SEA,Homewood Suites by Hilton Seattle Downtown,265,8.4,Private suite2 queen beds
SEA,The Mediterranean Inn,310,8.6,1 queen bed
SEA,La Quinta by Wyndham Seattle Downtown,245,8.1,"2 beds (1 sofa bed, 1 queen)"
SEA,Residence Inn by Marriott Seattle Downtown Convention Center,323,8.5,"Entire studio•1 bathroom•1 kitchen•463 ft²3 beds (1 sofa bed, 2 queens)"
SEA,Hampton Inn & Suites by Hilton Seattle/Northgate,280,8.3,2 queen beds
SEA,Hampton Inn & Suites Seattle-Downtown,280,8.2,2 queen beds
SEA,Belltown Inn,220,8.3,1 queen bed
SEA,Hyatt Place Seattle Downtown,295,8.0,"3 beds (1 sofa bed, 2 queens)"
SEA,"SpringHill Suites Seattle Downtown, South Lake Union",308,8.4,"Private suite•1 bedroom•1 living room•1 bathroom•420 ft²3 beds (1 sofa bed, 2 queens)"
SEA,"Staypineapple, The Maxwell Hotel, Seattle Center Seattle",304,9.1,2 queen beds
SEA,Courtyard by Marriott Seattle SeaTac Airport,202,8.1,2 queen beds
SEA,Residence Inn by Marriott Seattle Downtown/Lake Union,508,8.2,"Private suite•2 bedrooms•1 living room•2 bathrooms•775 ft²4 beds (1 king, 1 sofa bed, 2 queens)"
SEA,Residence Inn by Marriott Seattle University District,408,8.9,"Private suite3 beds (1 sofa bed, 2 queens)"
SEA,"Staypineapple, Hotel FIVE, Downtown Seattle",258,8.5,1 queen bed
SEA,Hotel Max,269,7.7,1 queen bed
SEA,Best Western Plus Pioneer Square Hotel Downtown,209,8.3,1 queen bed
SEA,"Staypineapple, Watertown, University District Seattle",320,8.8,2 queen beds
SEA,"Staypineapple, University Inn, University District Seattle",264,8.5,1 queen bed
SEA,Sonder at Pivot,272,8.6,"2 beds (1 sofa bed, 1 queen)"
SEA,Ace Hotel Seattle,374,8.7,1 queen bed
ARI,Aloft Glendale at Westgate,208,8.2,1 queen bed
ARI,Tru By Hilton Phoenix Glendale Westgate,228,9.0,2 queen beds
ARI,Home2 Suites By Hilton Glendale Westgate,219,8.9,1 queen bed
ARI,Hampton Inn & Suites Phoenix Glendale-Westgate,258,8.8,2 queen beds
ARI,"Staybridge Suites Phoenix Glendale Sports Dist, an IHG Hotel",263,9.0,Private suite1 queen bed
ARI,SpringHill Suites Phoenix Glendale Sports & Entertainment District,262,8.7,"Private suite3 beds (1 sofa bed, 2 queens)"
ARI,Comfort Suites Glendale - State Farm Stadium Area,245,8.5,"Private suite3 beds (1 sofa bed, 2 queens)"
ARI,TownePlace Suites by Marriott Phoenix Glendale Sports & Entertainment District,185,9.1,2 queen beds
ARI,"Holiday Inn Express & Suites Phoenix Glendale Dist, an IHG Hotel",283,8.7,2 queen beds
SF,Quality Inn & Suites Silicon Valley,169,6.2,1 queen bed
SF,"Holiday Inn Express & Suites Santa Clara, an IHG Hotel",284,8.5,1 queen bed
SF,SureStay Plus by Best Western Santa Clara Silicon Valley,233,8.3,2 queen beds
SF,Delta Hotels by Marriott Santa Clara Silicon Valley,308,8.8,2 queen beds
SF,Woodcrest Hotel Cupertino,500,8.7,"Private suite•1 bedroom•1 living room•1 bathroom•431 ft²2 beds (1 sofa bed, 1 queen)"
SF,Best Western University Inn Santa Clara,338,8.1,2 queen beds
KC,"Hotel Indigo Kansas City - The Crossroads, an IHG Hotel",271,8.6,2 queen beds
KC,"Hotel Indigo - Kansas City Downtown, an IHG Hotel",342,8.8,2 queen beds
KC,Hampton Inn & Suites Country Club Plaza,283,8.8,2 queen beds
KC,"Holiday Inn - Kansas City - Northeast, an IHG Hotel",272,8.3,2 queen beds
KC,Element North Kansas City,292,9.0,"3 beds (1 sofa bed, 2 queens)"
KC,Drury Inn & Suites Kansas City Airport,200,9.1,2 queen beds
KC,Fairfield Inn Kansas City Downtown/Union Hill,218,8.1,2 queen beds
KC,Best Western Premier Kansas City Sports Complex Hotel,205,7.7,2 queen beds
KC,Courtyard by Marriott Kansas City Downtown/Convention Center,259,8.6,2 queen beds
KC,"Seville Plaza Hotel, Trademark Collection by Wyndham",217,6.6,2 queen beds
KC,"Hampton Inn Kansas City Southeast, Mo",275,9.0,2 queen beds
KC,Residence Inn Kansas City Country Club Plaza,265,8.0,Entire studio•1 bathroom•398 ft²1 queen bed
KC,Courtyard Kansas City Country Club Plaza,254,7.6,1 queen bed
KC,Kansas City Marriott Country Club Plaza,243,7.9,1 queen bed
KC,Sonesta Select Kansas City Airport Tiffany Springs,226,8.1,2 queen beds
KC,Orangewood Inn & Suites Kansas City Airport,219,8.7,2 queen beds
KC,Sonesta Select Kansas City South Overland Park,236,7.9,2 queen beds
KC,La Quinta Inn & Suites by Wyndham Kansas City Beacon Hill,248,8.3,2 queen beds
KC,Four Points by Sheraton Kansas City Airport,205,8.0,1 queen bed
KC,Hampton Inn Kansas City Northeast,246,8.1,2 queen beds
KC,Home2 Suites Kansas City Downtown,278,8.0,1 queen bed
KC,La Quinta by Wyndham Kansas City Airport,177,7.6,2 queen beds
KC,Residence Inn Kansas City Airport,222,8.3,"Private suite3 beds (1 sofa bed, 2 queens)"
KC,Fairfield Inn & Suites Kansas City Airport,221,8.3,"2 beds (1 sofa bed, 1 queen)"
KC,SpringHill Suites by Marriott Kansas City Plaza,289,8.7,"Private suite3 beds (1 sofa bed, 2 queens)"
KC,Hilton Kansas City Airport,239,7.1,1 queen bed
LAC,Hotel Aventura,323,8.4,1 queen bed
LAC,Sonder The Craftsman,463,8.9,"Entire studio•1 bathroom•1 kitchen•474 ft²2 beds (1 sofa bed, 1 queen)"
LAC,Hampton Inn Los Angeles Int'l Airport/Hawthorne,302,8.2,2 queen beds
LAC,Four Points by Sheraton Los Angeles International Airport,219,6.0,2 queen beds
LAC,Hyatt Place LAX/Century BLVD,313,8.1,2 queen beds
LAC,Maison 140 Beverly Hills,338,7.0,1 queen bed
LAC,Jolly Roger Hotel,250,7.5,1 queen bed
LAC,Comfort Inn Los Angeles near Hollywood,295,7.3,2 queen beds
LAC,Hollywood Inn Suites Hotel,225,7.9,Private suite2 queen beds
LAC,La Quinta by Wyndham LAX,238,6.6,2 queen beds
LAC,Hampton Inn Los Angeles Airport,300,7.3,2 queen beds
LAC,"Holiday Inn Los Angeles - LAX Airport, an IHG Hotel",317,7.5,2 queen beds
LAC,Hotel Koxie,264,7.2,2 queen beds
LAC,Tuscan Garden Inn,300,7.5,2 queen beds
LAC,"Holiday Inn Express Hollywood Walk of Fame, an IHG Hotel",546,8.3,1 queen bed
LAC,Bayside Hotel,547,8.0,1 queen bed
LAC,Hotel H-Wood,229,6.0,1 queen bed
LAC,"Holiday Inn Express Los Angeles LAX Airport, an IHG Hotel",345,8.4,1 queen bed
LAC,The Live Hotel,370,7.6,2 queen beds
LAC,Century Park Hotel LA,385,7.8,1 queen bed
LAC,Fenix Hotel Hollywood,468,8.0,Entire studio•1 bathroom•237 ft²1 queen bed
LAC,Comfort Inn & Suites Near Universal - N Hollywood - Burbank,436,8.2,2 queen beds
LAC,Hyatt Regency Los Angeles International Airport,345,8.1,1 queen bed
LAC,Kawada Hotel,305,7.4,1 queen bed
LAC,Gateway Hotel Santa Monica,437,8.1,2 queen beds
LAC,Days Inn by Wyndham Santa Monica,444,7.9,2 queen beds
DEN,"Staybridge Suites Denver Downtown, an IHG Hotel",188,8.1,"Private suite2 beds (1 sofa bed, 1 queen)"
DEN,"Holiday Inn Denver East, an IHG Hotel",186,6.9,Multiple bed types
DEN,Hilton Garden Inn Denver Downtown,174,7.5,2 queen beds
DEN,"Avid Hotels - Denver Airport Area, an IHG Hotel",223,8.4,2 queen beds
DEN,Residence Inn Denver City Center,191,8.4,1 queen bed
DEN,Hilton Garden Inn Denver Union Station,257,8.4,2 queen beds
DEN,Fairfield by Marriott Inn & Suites Denver Airport at Gateway Park,152,8.3,2 queen beds
DEN,Element Denver Downtown East,232,8.7,"3 beds (1 sofa bed, 2 queens)"
DEN,Hampton Inn & Suites Denver-Downtown,214,8.3,2 queen beds
DEN,Hampton Inn & Suites Denver Downtown Convention Center,235,8.0,2 queen beds
DEN,"Hotel Indigo Denver Downtown - Union Station, an IHG Hotel",301,8.4,2 queen beds
DEN,TownePlace Suites by Marriott Denver Downtown,196,7.9,"2 beds (1 sofa bed, 1 queen)"
DEN,"Staybridge Suites Denver International Airport, an IHG Hotel",182,8.9,"Private suite2 beds (1 sofa bed, 1 queen)"
DEN,"Staybridge Suites Denver - Cherry Creek, an IHG Hotel",232,7.5,Private suite1 queen bed
DEN,Hyatt Place Denver Cherry Creek,238,8.5,2 queen beds
DEN,Residence Inn Denver Downtown,221,7.8,"Entire studio•1 bathroom•1 kitchen•549 ft²2 beds (1 sofa bed, 1 queen)"
DEN,MOXY Denver Cherry Creek,238,8.0,1 queen bed
DEN,Hampton Inn & Suites Denver-Cherry Creek,199,7.7,2 queen beds
DEN,Vīb Hotel by Best Western Denver RiNo,253,8.5,2 queen beds
DEN,Tru By Hilton Denver Downtown Convention Center,290,8.0,2 queen beds
DEN,The Acoma House,375,9.4,Entire studio•1 bathroom•1 kitchen•355 ft²1 queen bed
DEN,La Quinta by Wyndham Denver Gateway Park,199,8.2,2 queen beds
DEN,Home2 Suites by Hilton Denver Central Park,261,8.9,2 queen beds
DEN,"Holiday Inn Express and Suites Denver East Peoria Street, an IHG Hotel",174,8.2,2 queen beds
DEN,"Holiday Inn Express Denver Downtown, an IHG Hotel",200,6.8,"2 beds (1 sofa bed, 1 queen)"
DEN,Comfort Suites Near Denver Downtown,218,7.7,"Private suite3 beds (1 sofa bed, 2 queens)"
LV,Alexis Park All Suite Resort,273,7.7,"2 beds (1 sofa bed, 1 queen)"
LV,"Holiday Inn Express & Suites Las Vegas SW Springvalley, an IHG Hotel",310,8.2,Multiple bed types
LV,Downtown Grand Hotel & Casino,272,7.9,2 queen beds
LV,"Holiday Inn Express Las Vegas-Nellis, an IHG Hotel",273,6.4,Multiple bed types
LV,Silver Sevens Hotel & Casino,180,6.4,2 queen beds
LV,Sonesta Simply Suites Las Vegas Convention Center,241,7.1,1 queen bed
LV,Oasis at Gold Spike,203,6.8,1 queen bed
LV,Ellis Island Hotel Casino & Brewery,240,7.7,2 queen beds
LV,Hampton Inn Las Vegas/North Speedway,228,8.5,2 queen beds
LV,"Holiday Inn Express Las Vegas Stadium Area, an IHG Hotel",303,8.0,2 queen beds
LV,La Quinta by Wyndham Las Vegas Airport South,286,8.3,2 queen beds
LV,Residence Inn by Marriott Las Vegas Convention Center,398,8.7,"Private suite2 beds (1 sofa bed, 1 queen)"
LV,Comfort Inn & Suites Henderson - Las Vegas,272,8.1,2 queen beds
LV,Downtowner Boutique Hotel,178,7.0,1 queen bed
LV,Best Western Plus North Las Vegas Inn & Suites,270,7.9,2 queen beds
LV,Hilton Garden Inn Las Vegas City Center,351,8.2,2 queen beds
LV,Aloft Henderson,264,8.8,2 queen beds
LV,Best Western Plus Henderson Hotel,255,8.4,2 queen beds
LV,Golden Gate Casino Hotel,188,6.6,1 queen bed
LV,Best Western Plus Las Vegas South Henderson,283,8.2,2 queen beds
LV,Hampton Inn Tropicana,374,8.5,2 queen beds
LV,Comfort Inn & Suites Las Vegas - Nellis,246,7.7,2 queen beds
LV,Hampton Inn & Suites Las Vegas Convention Center - No Resort Fee,382,8.7,2 queen beds
LV,The Carriage House,473,8.8,2 queen beds
LV,Best Western McCarran Inn,347,7.6,2 queen beds
LV,Courtyard by Marriott Las Vegas Convention Center,407,8.5,1 queen bed
LV,Hampton Inn Las Vegas/Summerlin,327,8.7,2 queen beds
BUF,Lenox Hotel and Suites,358,7.2,1 queen bed
BUF,Garden Place Hotel,458,7.5,1 queen bed
BUF,Hampton Inn & Suites Buffalo/Downtown,858,8.0,2 queen beds
BUF,Best Western On The Avenue,478,8.2,2 queen beds
BUF,Comfort Inn & Suites Buffalo Airport,353,7.8,1 queen bed
BUF,Wyndham Garden Buffalo Downtown,534,8.3,2 queen beds
BUF,"Staybridge Suites Buffalo, an IHG Hotel",662,8.5,"Private suite2 beds (1 sofa bed, 1 queen)"
BUF,Best Western Buffalo Inn & Suites,338,8.3,1 queen bed
MIA,Oceanside Hotel and Suites,198,6.5,1 queen bed
MIA,Hilton Garden Inn Miami South Beach,853,7.5,2 queen beds
MIA,Seaside All Suites Hotel,230,6.8,Entire studio•1 bathroom•205 ft²1 queen bed
MIA,Beachside All Suites Hotel,198,6.2,Entire studio•1 bathroom•1 kitchen•549 ft²Multiple bed types
MIA,Waterside Hotel and Suites,258,7.3,Entire studio•1 bathroom•398 ft²1 queen bed
MIA,Agave on the Beach by Renzzi,444,8.0,Entire studio•1 bathroom•1 kitchen•323 ft²1 queen bed
MIA,Greenview Hotel By Lowkl,447,7.4,1 queen bed
MIA,Hotel Belleza,474,8.0,Private suite1 queen bed
MIA,President Hotel,596,7.4,1 queen bed
MIA,Casa Ocean,618,8.4,1 queen bed
MIA,"The One50 Hotel, Best Western Signature Collection",458,7.4,1 queen bed
MIA,Henrosa Hotel,674,7.9,1 queen bed
MIA,Tropics Hotel Miami Beach,579,8.2,Entire apartment•1 bedroom•1 bathroom•280 ft²1 queen bed
MIA,Hotel Ocean,876,8.1,1 queen bed
MIA,Ocean Reef Suites,687,8.0,"2 beds (1 sofa bed, 1 queen)"
MIA,Costa Norte Boutique Hotel,347,7.2,1 queen bed
MIA,Aloha Fridays,627,8.6,"Entire studio•1 bathroom•377 ft²2 beds (1 sofa bed, 1 queen)"
MIA,Ocean Spray Hotel,407,7.3,"Private suite3 beds (1 queen, 2 futons)"
MIA,President Villa,596,7.6,1 queen bed
MIA,Crystal Beach Suites Miami Oceanfront Hotel,634,7.4,"Private suite•1 bedroom•1 living room•1 bathroom•441 ft²2 beds (1 sofa bed, 1 queen)"
MIA,Lorraine Hotel,802,7.7,2 queen beds
MIA,Park Royal Miami Beach,731,8.4,"Private suite•1 bedroom•1 living room•1 bathroom•452 ft²2 beds (1 sofa bed, 1 queen)"
MIA,Tradewinds Apartment Hotel Miami Beach,644,7.0,"Entire apartment•1 bedroom•1 living room•1 bathroom•1 kitchen•452 ft²2 beds (1 sofa bed, 1 queen)"
MIA,Majestic Hotel South Beach,577,6.3,1 queen bed
MIA,Lincoln Arms Suites,740,8.1,"2 beds (1 sofa bed, 1 queen)"
NYJ,"The Historic Blue Angel Hotel Lexington Ave, Ascend Hotel Collection",785,8.7,1 queen bed
NYJ,Sonder Battery Park,880,8.6,Entire studio•1 bathroom•1 kitchen•463 ft²1 queen bed
NYJ,Pod Times Square,738,8.2,1 queen bed
NYJ,The Belvedere Hotel,978,7.9,1 queen bed
NYJ,Pod 39,703,8.2,1 queen bed
NYJ,Wingate by Wyndham New York Midtown South/5th Ave,908,8.2,1 queen bed
NYJ,"U Hotel Fifth Avenue, Empire State Building",882,7.8,1 queen bed
NYJ,Pod 51,693,7.8,1 queen bed
NYJ,Best Western Premier Herald Square,883,7.6,1 queen bed
NYJ,New York Hilton Midtown,1223,7.4,1 queen bed
NYJ,Motto By Hilton New York City Times Square,998,8.1,1 queen bed
NYJ,Hilton Garden Inn New York - Times Square Central,1008,7.6,1 queen bed
NYJ,Hampton Inn Manhattan/Downtown- Financial District,783,7.6,1 queen bed
NYJ,Hotel Richland LES,731,8.1,1 queen bed
NYJ,Madison LES Hotel,668,7.3,1 queen bed
NYJ,Hotel Moca NYC,362,4.9,1 queen bed
NYJ,Hampton Inn Manhattan Chelsea,902,7.6,1 queen bed
NYJ,"Candlewood Suites NYC -Times Square, an IHG Hotel",988,7.7,Entire studio•1 bathroom•1 kitchen•248 ft²1 queen bed
NYJ,Sonder City Hall Park,968,8.9,Entire studio•1 bathroom•1 kitchen•441 ft²1 queen bed
NYJ,JG Sohotel,884,7.2,1 queen bed
NYJ,Solita Soho Hotel,678,7.8,1 queen bed
NYJ,The Hotel at Fifth Avenue,1150,7.6,1 queen bed
NYJ,Night Hotel Broadway,667,6.3,1 queen bed
NYJ,BeHome by LuxUrban,700,6.6,1 queen bed
NYJ,Chelsea Inn,570,6.8,1 queen bed
NE,The Revolution Hotel,208,8.3,1 queen bed
NE,Hampton Inn Boston Seaport District,463,8.6,2 queen beds
NE,Hampton Inn Boston Logan Airport,250,7.7,2 queen beds
NE,Hyatt Place Boston/Seaport District,398,8.8,2 queen beds
NE,"Holiday Inn Express Boston, an IHG Hotel",259,8.0,1 queen bed
NE,Courtyard Boston-South Boston,239,8.0,2 queen beds
NE,Hilton Garden Inn Boston Logan Airport,290,8.5,2 queen beds
NE,The Verb Hotel,610,9.3,2 queen beds
NE,Hampton Inn & Suites Boston Crosstown Center,318,7.3,2 queen beds
NE,Charlesmark Hotel,338,8.1,1 queen bed
NE,Courtyard Boston Copley Square,634,8.0,2 queen beds
NE,Sonder The Hancock,581,8.0,Entire apartment•1 bedroom•1 living room•1 bathroom•1 kitchen•463 ft²1 queen bed
NE,Inn at St. Botolph,349,8.7,1 queen bed
NE,Newbury Guest House,478,8.9,1 queen bed
NE,J Miller Flats by Thatch,533,8.6,Entire apartment•1 bedroom•1 living room•1 bathroom•1 kitchen•355 ft²1 queen bed
NE,304 Newbury Street by Thatch,564,8.4,"Entire apartment•1 bedroom•1 living room•1 bathroom•1 kitchen•452 ft²2 beds (1 sofa bed, 1 queen)"
NE,The Inn at Longwood Medical,533,7.9,1 queen bed
NE,Courtyard by Marriott Boston Logan Airport,338,7.6,1 queen bed
HOU,Drury Inn & Suites Houston Galleria,211,8.9,2 queen beds
HOU,"Holiday Inn Express and Suites Houston North - IAH Area, an IHG Hotel",169,8.1,2 queen beds
HOU,Hilton Garden Inn Houston/Galleria Area,222,8.3,2 queen beds
HOU,Hilton Garden Inn Houston Energy Corridor,217,8.4,2 queen beds
HOU,Comfort Suites near Texas Medical Center - NRG Stadium,203,8.3,1 queen bed
HOU,"Holiday Inn Express & Suites Houston - North I45 Spring, an IHG Hotel",178,8.5,2 queen beds
HOU,La Quinta by Wyndham Houston Energy Corridor,149,7.3,2 queen beds
HOU,Aloft Houston by the Galleria,238,7.4,2 queen beds
HOU,"Holiday Inn Express & Suites - Houston Westchase - Westheimer, an IHG Hotel",207,7.9,2 queen beds
HOU,Homewood Suites by Hilton Houston-Westchase,184,8.0,Private suite1 queen bed
HOU,TownePlace Suites by Marriott Houston Hobby Airport,183,8.4,1 queen bed
HOU,Best Western Galleria Inn & Suites,181,7.6,2 queen beds
HOU,SpringHill Suites by Marriott Houston Downtown/Convention Center,207,8.1,Entire studio•1 bathroom•301 ft²1 queen bed
HOU,"Holiday Inn Express Hotel & Suites Houston-Downtown Convention Center, an IHG Hotel",244,7.5,1 queen bed
HOU,Baymont by Wyndham Houston/Westchase,145,7.0,"2 beds (1 sofa bed, 1 queen)"
HOU,"Holiday Inn Express & Suites Houston S - Medical Ctr Area, an IHG Hotel",260,8.9,Multiple bed types
HOU,Home2 Suites by Hilton Houston Energy Corridor,217,8.6,2 queen beds
HOU,Residence Inn Houston Downtown/Convention Center,185,8.2,"2 beds (1 sofa bed, 1 queen)"
HOU,"Holiday Inn Houston West - Westway Park, an IHG Hotel",165,7.0,2 queen beds
HOU,Sonesta Simply Suites Houston CityCentre I-10 West,166,7.9,1 queen bed
HOU,Hilton Garden Inn Houston/Bush Intercontinental Airport,184,7.3,2 queen beds
HOU,Comfort Inn & Suites Houston I-45 North - IAH,149,6.5,2 queen beds
HOU,Sheraton Houston Brookhollow,198,7.3,1 queen bed
HOU,Hyatt Place Houston- Northwest/Cy-Fair,192,7.9,"3 beds (1 sofa bed, 2 queens)"
HOU,Residence Inn Houston by The Galleria,185,7.6,"2 beds (1 sofa bed, 1 queen)"
HOU,SpringHill Suites Houston Medical Center / NRG Park,228,8.6,"Private suite3 beds (1 sofa bed, 2 queens)"
IND,Hyatt House Indianapolis Downtown,219,8.5,2 queen beds
IND,Residence Inn Indianapolis Downtown on the Canal,268,8.2,Entire studio•1 bathroom•1 kitchen•495 ft²1 queen bed
IND,Hyatt Place Indianapolis Downtown,240,8.3,2 queen beds
IND,Courtyard Indianapolis Northwest,160,8.5,2 queen beds
IND,"Staybridge Suites Indianapolis Downtown-Convention Center, an IHG Hotel",194,8.7,"Private suite2 beds (1 sofa bed, 1 queen)"
IND,Drury Plaza Hotel Indianapolis Carmel,231,9.2,2 queen beds
IND,Drury Inn & Suites Indianapolis Northeast,215,8.9,2 queen beds
IND,The Landing Apartments by Barsala,319,N/A,1 queen bed
IND,Sheraton Indianapolis Hotel at Keystone Crossing,217,8.5,2 queen beds
IND,Hampton Inn Indianapolis Northwest - Park 100,178,8.1,2 queen beds
IND,SpringHill Suites by Marriott Indianapolis Keystone,236,9.2,"Private suite3 beds (1 sofa bed, 2 queens)"
IND,Hilton Garden Inn Indianapolis Downtown,277,8.2,2 queen beds
IND,"Holiday Inn - Indianapolis Downtown, an IHG Hotel",231,7.6,2 queen beds
IND,Sleep Inn & Suites And Conference Center Downtown,194,7.7,2 queen beds
IND,Courtyard Indianapolis at the Capitol,202,8.1,2 queen beds
IND,Homewood Suites by Hilton Indianapolis Downtown,254,8.9,Private suite•2 bedrooms•570 ft²2 queen beds
IND,"Country Inn & Suites by Radisson, Indianapolis Airport South, IN",178,8.2,2 queen beds
IND,"Tru By Hilton Indianapolis Downtown, In",233,8.4,2 queen beds
IND,Home2 Suites By Hilton Indianapolis North At Intech Park,224,8.9,Private suite2 queen beds
IND,Embassy Suites by Hilton Indianapolis North,243,7.8,Private suite•2 bedrooms•452 ft²2 queen beds
IND,Hilton Garden Inn Indianapolis Northwest,197,7.5,2 queen beds
IND,Hampton Inn Indianapolis Downtown IUPUI,224,8.4,2 queen beds
IND,Hilton Indianapolis Hotel & Suites,360,8.4,2 queen beds
IND,Hampton Inn Indianapolis Downtown Across from Circle Centre,243,8.2,"2 beds (1 sofa bed, 1 queen)"
IND,SpringHill Suites Indianapolis Downtown,264,8.5,"Entire studio•1 bathroom•205 ft²3 beds (1 sofa bed, 2 queens)"
JAX,Hyatt Place Jacksonville St. Johns Town Center,273,8.8,"3 beds (1 sofa bed, 2 queens)"
JAX,Tru by Hilton Jacksonville West I 295,235,8.7,2 queen beds
JAX,Hyatt Regency Jacksonville Riverfront,320,8.5,2 queen beds
JAX,Hampton Inn & Suites Jacksonville Deerwood Park,261,8.9,2 queen beds
JAX,Embassy Suites by Hilton Jacksonville Baymeadows,296,8.2,Private suite•2 bedrooms•624 ft²2 queen beds
JAX,"Holiday Inn Express Jacksonville East, an IHG Hotel",196,8.3,1 queen bed
JAX,SureStay Hotel by Best Western Jacksonville South,142,6.4,2 queen beds
JAX,Hampton Inn & Suites Jacksonville-Airport,189,8.2,2 queen beds
JAX,"Holiday Inn Jacksonville E 295 Baymeadows, an IHG Hotel",232,8.3,2 queen beds
JAX,Hilton Garden Inn Jacksonville Downtown Southbank,266,7.7,2 queen beds
JAX,SpringHill Suites by Marriott Jacksonville North I-95 Area,196,7.9,"Entire studio•1 bathroom•431 ft²3 beds (1 sofa bed, 2 queens)"
JAX,Southbank Hotel by Marriott Jacksonville Riverwalk,250,7.9,1 queen bed
JAX,"Tru By Hilton Jacksonville South Mandarin, Fl",243,8.9,2 queen beds
JAX,"Country Inn & Suites by Radisson, Jacksonville, FL",192,8.0,2 queen beds
JAX,Springhill Suites Jacksonville,235,8.5,"Private suite3 beds (2 fulls, 1 sofa bed)"
JAX,Ramada by Wyndham Jacksonville Hotel & Conference Center,162,6.3,2 queen beds
JAX,Sonesta Simply Suites Jacksonville,168,7.4,1 queen bed
JAX,Hilton Garden Inn Jacksonville Airport,205,8.1,2 queen beds
JAX,"Holiday Inn Express Hotel & Suites Jacksonville-South, an IHG Hotel",205,8.4,2 queen beds
JAX,Hampton Inn Jacksonville - I-95 Central,273,7.0,2 queen beds
JAX,Microtel Inn & Suites by Wyndham Jacksonville Airport,166,7.1,1 queen bed
JAX,Home2 Suites By Hilton Jacksonville Airport,247,8.4,1 queen bed
JAX,Comfort Suites West Jacksonville,229,7.0,2 queen beds
JAX,"Holiday Inn Express & Suites Jacksonville - Town Center, an IHG Hotel",259,9.1,2 queen beds
JAX,Comfort Inn & Suites Jacksonville - Orange Park Near Naval Air Station,241,9.2,2 queen beds
TEN,Hayes Street Hotel Nashville,218,7.7,2 queen beds
TEN,"Home2 Suites by Hilton Nashville Vanderbilt, TN",253,8.4,1 queen bed
TEN,Locale Lofts The Gulch - Nashville,262,7.9,Entire studio•1 bathroom•1 kitchen•538 ft²1 queen bed
TEN,"Holiday Inn Nashville Vanderbilt, an IHG Hotel",282,8.4,1 queen bed
TEN,Courtyard by Marriott Nashville Vanderbilt West End,227,7.5,2 queen beds
TEN,Club Hotel Nashville Inn & Suites,198,8.3,2 queen beds
TEN,Hilton Garden Inn Nashville Vanderbilt,268,8.0,2 queen beds
TEN,Hampton Inn & Suites Nashville-Vanderbilt-Elliston Place,228,7.2,2 queen beds
TEN,GLō Best Western Nashville,207,7.8,2 queen beds
TEN,"The Capitol Hotel Downtown, Ascend Hotel Collection",326,6.8,2 queen beds
TEN,Cambria Hotel Nashville Airport,203,9.2,2 queen beds
TEN,Best Western Plus Executive Residency Nashville,180,7.3,2 queen beds
TEN,"Country Inn & Suites by Radisson, Nashville Airport East, TN",156,7.9,2 queen beds
TEN,Alexis Inn and Suites Hotel,183,7.7,2 queen beds
TEN,SpringHill Suites Nashville MetroCenter,242,7.8,"3 beds (1 sofa bed, 2 queens)"
TEN,Hampton Inn & Suites Nashville-Downtown,436,8.3,2 queen beds
TEN,Best Western Plus Sunrise Inn,170,7.2,2 queen beds
TEN,Fairfield Inn & Suites Nashville Near Vanderbilt,323,8.7,2 queen beds
TEN,DoubleTree Suites by Hilton Nashville Airport,202,7.7,"Private suite•2 bedrooms•1 living room•452 ft²3 beds (1 sofa bed, 2 queens)"
TEN,Aloft Nashville West End,318,7.6,2 queen beds
TEN,Hotel Indigo Nashville - The Countrypolitan,478,8.6,Multiple bed types
TEN,Hilton Garden Inn Nashville Downtown/Convention Center,429,8.4,2 queen beds
TEN,Best Western Plus Nashville Airport Hotel - BNA,202,8.3,2 queen beds
TEN,Home2 Suites By Hilton Nashville Downtown-Metrocenter,298,8.9,1 queen bed
TEN,Drury Plaza Hotel Nashville Downtown,567,9.4,2 queen beds
PIT,Comfort Inn & Suites Pittsburgh South,202,8.1,2 queen beds
PIT,"Staybridge Suites Pittsburgh Airport, an IHG Hotel",279,8.9,Entire studio•1 bedroom•1 bathroom•355 ft²2 queen beds
PIT,SpringHill Suites by Marriott Pittsburgh North Shore,249,8.1,"Entire studio•1 bathroom•420 ft²2 beds (1 sofa bed, 1 queen)"
PIT,Drury Plaza Hotel Pittsburgh Downtown,242,9.1,2 queen beds
PIT,Sheraton Pittsburgh Hotel at Station Square,331,8.2,2 queen beds
PIT,Drury Inn & Suites Pittsburgh Airport Settlers Ridge,230,9.3,2 queen beds
PIT,The Priory Hotel,318,9.0,1 queen bed
PIT,Hampton Inn Pittsburgh Greentree,210,7.3,1 queen bed
PIT,Hilton Garden Inn Pittsburgh University Place,282,7.9,1 queen bed
PIT,Residence Inn by Marriott Pittsburgh Oakland/University Place,338,8.7,"Private suite•1 bedroom•1 living room•1 bathroom•495 ft²2 beds (1 sofa bed, 1 queen)"
PIT,Hyatt Place Pittsburgh North Shore,358,8.0,2 queen beds
PIT,Hampton Inn Pittsburgh University Medical Center,261,7.4,1 queen bed
PIT,Hampton Inn & Suites Pittsburgh Downtown,337,8.8,2 queen beds
PIT,SpringHill Suites Pittsburgh Southside Works,277,8.2,Entire studio•1 bathroom•140 ft²1 queen bed
PIT,SpringHill Suites by Marriott Pittsburgh Bakery Square,294,8.4,1 queen bed
PIT,AC Hotel by Marriott Pittsburgh Downtown,317,8.4,2 queen beds
PIT,Hilton Garden Inn Pittsburgh Downtown,341,8.2,2 queen beds
PIT,DoubleTree by Hilton Hotel & Suites Pittsburgh Downtown,447,7.9,"Private suite•1 bedroom•1 living room•603 ft²2 beds (1 sofa bed, 1 queen)"
PIT,Hyatt House Pittsburgh Bloomfield Shadyside,366,8.4,Private suite2 queen beds
PIT,"The Oaklander Hotel, Autograph Collection",458,8.7,2 queen beds
PIT,McKnight Hotel,205,6.6,2 queen beds
PIT,Stay Pittsburgh,301,6.7,Entire apartment•2 bedrooms•1 living room•1 bathroom•797 ft²2 queen beds
BAL,"Candlewood Suites Baltimore - Inner Harbor, an IHG Hotel",173,7.7,Private suite1 queen bed
BAL,"Staybridge Suites Baltimore - Inner Harbor, an IHG Hotel",223,8.6,Private suite1 queen bed
BAL,Hampton Inn Baltimore-Downtown-Convention Center,206,8.5,2 queen beds
BAL,Tru By Hilton Baltimore Harbor East,205,8.6,2 queen beds
BAL,SpringHill Suites by Marriott Baltimore Downtown/Inner Harbor,228,8.0,"Private suite2 beds (1 sofa bed, 1 queen)"
BAL,Hyatt Place Baltimore Inner Harbor,328,7.8,"3 beds (1 sofa bed, 2 queens)"
BAL,La Quinta by Wyndham Baltimore N / White Marsh,167,6.8,1 queen bed
BAL,Days Inn by Wyndham Baltimore Inner Harbor,189,6.5,1 queen bed
BAL,Courtyard Baltimore Downtown/McHenry Row,297,8.5,2 queen beds
BAL,"The Inn at Henderson's Wharf, Ascend Hotel Collection",341,8.6,2 queen beds
BAL,La Quinta by Wyndham Inner Harbor Downtown,177,5.2,1 queen bed
BAL,Hampton Inn & Suites Baltimore/Woodlawn,263,8.3,2 queen beds
BAL,Best Western Plus Hotel & Conference Center,255,7.3,2 queen beds
BAL,"Hotel Brexton, Trademark Collection by Wyndham",256,7.2,1 queen bed
BAL,Hampton Inn Baltimore Bayview Campus,288,8.5,2 queen beds
BAL,Comfort Inn & Suites Baltimore Inner Harbor,224,5.4,1 queen bed
BAL,Fairfield Inn & Suites White Marsh,194,8.2,1 queen bed
BAL,Residence Inn Baltimore White Marsh,258,8.1,Entire studio•1 bathroom•1 kitchen•463 ft²1 queen bed
BAL,"Holiday Inn Express Baltimore At The Stadiums, an IHG Hotel",198,4.6,2 queen beds
CIN,"Tru By Hilton Sharonville, OH",181,8.9,2 queen beds
CIN,"Voco The Clair Cincinnati Downtown, an IHG Hotel",354,8.6,2 queen beds
CIN,Fairfield Inn & Suites by Marriott Cincinnati Uptown/University Area,243,8.6,2 queen beds
CIN,Hilton Garden Inn Cincinnati Midtown,290,8.3,2 queen beds
CIN,"Hampton Inn & Suites - Cincinnati/Kenwood, OH",257,8.8,2 queen beds
CIN,Hampton Inn & Suites Cincinnati Midtown Rookwood,290,9.0,2 queen beds
CIN,Hampton Inn & Suites Cincinnati / Uptown - University Area,238,8.0,2 queen beds
CIN,Quality Inn & Suites,170,6.6,2 queen beds
CIN,Home2 Suites By Hilton Cincinnati Eastgate,240,101,1 queen bed
CIN,Best Western PLUS Hannaford Inn & Suites,180,7.9,1 queen bed
CIN,Best Western Clermont,193,7.7,1 queen bed
CIN,Home2 Suites By Hilton Cincinnati Midtown Oakley,271,101,Private suite2 queen beds
CIN,Best Western Premier Mariemont Inn,489,9.5,2 queen beds
CLE,Drury Plaza Hotel Cleveland Downtown,381,9.0,2 queen beds
CLE,"Hotel Indigo Cleveland Downtown, an IHG Hotel",297,8.1,2 queen beds
CLE,Hampton Inn Cleveland-Downtown,287,8.0,2 queen beds
CLE,Hilton Garden Inn Cleveland Downtown,318,6.9,2 queen beds
CLE,The Glidden House,349,9.1,1 queen bed
CLE,Tru By Hilton Cleveland Midtown,298,8.2,2 queen beds
CLE,"Holiday Inn Cleveland Clinic, an IHG Hotel",306,7.9,2 queen beds
CLE,Residence Inn by Marriott Cleveland University Circle/Medical Center,378,8.3,"3 beds (1 sofa bed, 2 queens)"
CLE,Courtyard Cleveland University Circle,403,8.3,2 queen beds
